file,name,test,total_score,rank,phy_attempt,chem_attempt,math_attempt,total_attempt,phy_correct,chem_correct,math_correct,total_correct,phy_wrong,chem_wrong,math_wrong,total_wrong,phy_marks,chem_marks,math_marks,total_marks
U989.html,AARUSH A SHETTY,Details of NEW JEE: 9460,129,84,20,19,7,46,15,13,7,35,5,6,0,11,55.00,46.00,28.00,129
U990.html,AKARSH CHANDRA M,Details of NEW JEE: 9460,123,96,18,20,14,52,12,14,9,35,6,6,5,17,42.00,50.00,31.00,123
U907.html,S HEMANTH,Details of NEW JEE: 9460,184,18,22,24,15,61,17,21,11,49,5,3,4,12,63.00,81.00,40.00,184
U966.html,NAMAN BASAVARAJ DESAI,Details of NEW JEE: 9460,163,40,23,22,12,57,21,16,7,44,2,6,5,13,82.00,58.00,23.00,163
U817.html,NAGARAJA B SHETTY,Details of NEW JEE: 9460,101,128,20,20,9,49,16,10,4,30,4,10,5,19,60.00,30.00,11.00,101
U986.html,LAVANYA UDUPA,Details of NEW JEE: 9460,150,50,17,19,14,50,16,14,10,40,1,5,4,10,63.00,51.00,36.00,150
U855.html,SANATH S KOTIAN,Details of NEW JEE: 9460,129,86,24,21,11,56,14,16,7,37,10,5,4,19,46.00,59.00,24.00,129
U936.html,PRANAV RAO,Details of NEW JEE: 9460,176,29,21,23,10,54,17,19,10,46,4,4,0,8,64.00,72.00,40.00,176
U816.html,DHEERAJ D NAYAK,Details of NEW JEE: 9460,171,34,22,24,18,64,16,16,15,47,6,8,3,17,58.00,56.00,57.00,171
U950.html,K SHREENITH S SHERIGAR,Details of NEW JEE: 9460,181,22,23,22,14,59,20,19,9,48,3,3,5,11,77.00,73.00,31.00,181
U806.html,SUGHOSH BHARADWAJ,Details of NEW JEE: 9460,175,30,22,24,4,50,20,21,4,45,2,3,0,5,78.00,81.00,16.00,175
U827.html,HARSHITHA ASHOKA ACHARI,Details of NEW JEE: 9460,125,91,20,15,5,40,18,11,4,33,2,4,1,7,70.00,40.00,15.00,125
U802.html,TUSHAR KHARVI,Details of NEW JEE: 9460,157,45,22,19,17,58,17,11,15,43,5,8,2,15,63.00,36.00,58.00,157
U906.html,JAYADEEP POOJARY,Details of NEW JEE: 9460,137,71,19,21,3,43,16,19,1,36,3,2,2,7,61.00,74.00,2.00,137
U848.html,RITHIN S SHETTY,Details of NEW JEE: 9460,164,38,19,21,16,56,17,16,11,44,2,5,5,12,66.00,59.00,39.00,164
U878.html,SAANVI JAGANNATHA SUVARNA,Details of NEW JEE: 9460,91,143,18,14,12,44,14,8,5,27,4,6,7,17,52.00,26.00,13.00,91
U930.html,BHOOMIKA H PUTHRAN,Details of NEW JEE: 9460,92,141,10,17,6,33,7,14,4,25,3,3,2,8,25.00,53.00,14.00,92
U929.html,SPOORTHI S SUVARNA,Details of NEW JEE: 9460,71,159,12,14,8,34,9,7,5,21,3,7,3,13,33.00,21.00,17.00,71
U1004.html,MOHAMMAD AFRAAZ,Details of NEW JEE: 9460,116,106,17,13,9,39,15,9,7,31,2,4,2,8,58.00,32.00,26.00,116
U841.html,PRATHVIN,Details of NEW JEE: 9460,203,7,23,23,21,67,21,14,19,54,2,9,2,13,82.00,47.00,74.00,203
U808.html,TANISHKA M KOTEGAR,Details of NEW JEE: 9460,47,165,21,15,17,53,8,10,2,20,13,5,15,33,19.00,35.00,-7.00,47
U889.html,YASHIKA,Details of NEW JEE: 9460,80,153,11,13,6,30,7,11,4,22,4,2,2,8,24.00,42.00,14.00,80
M295.html,AMOGH U ACHARYA,Details of NEW JEE: 9460,93,139,18,16,13,47,13,10,5,28,5,6,8,19,47.00,34.00,12.00,93
M202.html,ARJUN SHETTY,Details of NEW JEE: 9460,119,104,19,19,8,46,12,16,5,33,7,3,3,13,41.00,61.00,17.00,119
M210.html,HARIKEERTHAN NAYAK,Details of NEW JEE: 9460,146,58,19,20,10,49,13,17,9,39,6,3,1,10,46.00,65.00,35.00,146
M395.html,MANJUNATHA D NAYAK,Details of NEW JEE: 9460,140,64,21,23,6,50,15,20,3,38,6,3,3,12,54.00,77.00,9.00,140
M212.html,KAUSTUBHA H,Details of NEW JEE: 9460,176,28,22,19,18,59,17,16,14,47,5,3,4,12,63.00,61.00,52.00,176
M230.html,MANYA H ANCHAN,Details of NEW JEE: 9460,132,81,15,16,7,38,11,16,7,34,4,0,0,4,40.00,64.00,28.00,132
M284.html,HARSHAD P KOTIAN,Details of NEW JEE: 9460,122,99,16,18,9,43,14,15,4,33,2,3,5,10,54.00,57.00,11.00,122
M231.html,PRATHAM BHANDARY,Details of NEW JEE: 9460,186,14,21,21,17,59,20,15,14,49,1,6,3,10,79.00,54.00,53.00,186
M228.html,PREETHI G BHAT,Details of NEW JEE: 9460,82,150,14,20,14,48,7,13,6,26,7,7,8,22,21.00,45.00,16.00,82
M306.html,PREETI SINGH,Details of NEW JEE: 9460,80,154,15,17,8,40,9,11,4,24,6,6,4,16,30.00,38.00,12.00,80
M250.html,SAARANG BHAGAVATH,Details of NEW JEE: 9460,159,42,17,20,14,51,15,17,10,42,2,3,4,9,58.00,65.00,36.00,159
M318.html,SAMRUDHI D SHETTY,Details of NEW JEE: 9460,134,74,21,19,6,46,15,17,4,36,6,2,2,10,54.00,66.00,14.00,134
M232.html,SATHWIK,Details of NEW JEE: 9460,149,53,22,19,15,56,16,15,10,41,6,4,5,15,58.00,56.00,35.00,149
M213.html,SRUSHTI M,Details of NEW JEE: 9460,80,152,14,20,11,45,8,11,6,25,6,9,5,20,26.00,35.00,19.00,80
M235.html,TANMAYA P BHANDARKAR,Details of NEW JEE: 9460,84,146,17,16,8,41,15,6,4,25,2,10,4,16,58.00,14.00,12.00,84
M206.html,AADITYA VIRAJ SHETTY,Details of NEW JEE: 9460,156,47,15,23,16,54,12,18,12,42,3,5,4,12,45.00,67.00,44.00,156
M236.html,VIBHA V SHETTY,Details of NEW JEE: 9460,105,119,20,19,6,45,13,12,5,30,7,7,1,15,45.00,41.00,19.00,105
M194.html,ABHISHEK D.,Details of NEW JEE: 9460,139,65,19,15,12,46,17,10,10,37,2,5,2,9,66.00,35.00,38.00,139
M234.html,ANAGHA M BHANDARI,Details of NEW JEE: 9460,129,83,18,14,9,41,16,10,8,34,2,4,1,7,62.00,36.00,31.00,129
M368.html,ANISH NAYAK,Details of NEW JEE: 9460,107,114,15,15,8,38,13,10,6,29,2,5,2,9,50.00,35.00,22.00,107
M282.html,BANGERA AGASTYA GANESH,Details of NEW JEE: 9460,75,157,15,14,11,40,8,6,9,23,7,8,2,17,25.00,16.00,34.00,75
M401.html,CHIDAMBAR TENGINKAI,Details of NEW JEE: 9460,92,140,19,16,13,48,14,8,6,28,5,8,7,20,51.00,24.00,17.00,92
M406.html,GAURAV M,Details of NEW JEE: 9460,46,166,9,12,8,29,4,7,4,15,5,5,4,14,11.00,23.00,12.00,46
M365.html,JEEVAN K,Details of NEW JEE: 9460,82,148,17,11,15,43,9,8,8,25,8,3,7,18,28.00,29.00,25.00,82
M385.html,HALLI VISHWAS,Details of NEW JEE: 9460,63,160,20,16,21,57,6,8,10,24,14,8,11,33,10.00,24.00,29.00,63
M246.html,HARSHAREDDY,Details of NEW JEE: 9460,96,132,19,18,17,54,10,11,9,30,9,7,8,24,31.00,37.00,28.00,96
M200.html,KASSETTY INDRANEEL,Details of NEW JEE: 9460,132,80,22,16,15,53,18,10,9,37,4,6,6,16,68.00,34.00,30.00,132
M220.html,KHUSHI S,Details of NEW JEE: 9460,82,147,14,13,11,38,6,9,9,24,8,4,2,14,16.00,32.00,34.00,82
M419.html,PRATHAM P SHETTY,Details of NEW JEE: 9460,95,134,17,14,9,40,11,11,5,27,6,3,4,13,38.00,41.00,16.00,95
M421.html,Nithin k Malagi,Details of NEW JEE: 9460,41,168,14,19,16,49,4,8,6,18,10,11,10,31,6.00,21.00,14.00,41
M192.html,SAANVI K,Details of NEW JEE: 9460,177,26,21,19,18,58,19,13,15,47,2,6,3,11,74.00,46.00,57.00,177
M238.html,SATHVIK S POOJARY,Details of NEW JEE: 9460,110,112,13,14,13,40,11,9,10,30,2,5,3,10,42.00,31.00,37.00,110
M189.html,SHUBHANGA,Details of NEW JEE: 9460,120,103,14,17,9,40,12,13,7,32,2,4,2,8,46.00,48.00,26.00,120
M301.html,SNEHIT RAVEENDRA AMBI,Details of NEW JEE: 9460,94,136,16,16,9,41,10,12,5,27,6,4,4,14,34.00,44.00,16.00,94
M329.html,YASHWANTH AV,Details of NEW JEE: 9460,85,145,12,15,8,35,8,9,7,24,4,6,1,11,28.00,30.00,27.00,85
M270.html,SYED HIYAM,Details of NEW JEE: 9460,63,161,10,12,5,27,5,9,4,18,5,3,1,9,15.00,33.00,15.00,63
M539.html,OMKAR M PRABHU,Details of NEW JEE: 9460,102,123,16,15,12,43,11,10,8,29,5,5,4,14,39.00,35.00,28.00,102
K25401.html,ADITYA BHEEMASEN DURLEKAR,Details of NEW JEE: 9460,102,122,12,15,11,38,9,10,9,28,3,5,2,10,33.00,35.00,34.00,102
K25404.html,Gaman K Gowda,Details of NEW JEE: 9460,203,8,23,22,12,57,22,20,10,52,1,2,2,5,87.00,78.00,38.00,203
K25403.html,Ayush  R  Mendon,Details of NEW JEE: 9460,133,77,24,24,19,67,20,12,8,40,4,12,11,27,76.00,36.00,21.00,133
K25408.html,PREETAM MAHESH GAONKAR,Details of NEW JEE: 9460,164,36,21,21,19,61,15,15,15,45,6,6,4,16,54.00,54.00,56.00,164
K25407.html,PRAGUN P SHETTY,Details of NEW JEE: 9460,163,41,23,22,7,52,20,17,6,43,3,5,1,9,77.00,63.00,23.00,163
K25405.html,GAURAV AGARWAL,Details of NEW JEE: 9460,105,118,19,18,13,50,12,11,8,31,7,7,5,19,41.00,37.00,27.00,105
K25410.html,SAROOP SHETTY,Details of NEW JEE: 9460,183,20,22,23,17,62,20,16,13,49,2,7,4,13,78.00,57.00,48.00,183
K25411.html,SHANE LOUIE STEPHEN   ABREO,Details of NEW JEE: 9460,197,12,24,23,21,68,22,18,13,53,2,5,8,15,86.00,67.00,44.00,197
K25412.html,Shantagouda patil,Details of NEW JEE: 9460,184,19,25,25,21,71,21,18,12,51,4,7,9,20,80.00,65.00,39.00,184
K25413.html,SHIBHYAN JAGADISH HULIMANE,Details of NEW JEE: 9460,102,126,10,17,6,33,8,16,3,27,2,1,3,6,30.00,63.00,9.00,102
K25421.html,DIGANTH BHAGWAT,Details of NEW JEE: 9460,151,49,22,19,8,49,18,15,7,40,4,4,1,9,68.00,56.00,27.00,151
K25419.html,CHINTAN KRISHNA V. C,Details of NEW JEE: 9460,105,117,22,18,20,60,10,11,12,33,12,7,8,27,28.00,37.00,40.00,105
K25415.html,TUSHAR P SHETTY,Details of NEW JEE: 9460,186,15,20,22,17,59,16,20,13,49,4,2,4,10,60.00,78.00,48.00,186
K25416.html,ANANYA ELLUR,Details of NEW JEE: 9460,180,24,22,23,15,60,18,20,10,48,4,3,5,12,68.00,77.00,35.00,180
K25418.html,AYUSH M BIJOOR,Details of NEW JEE: 9460,122,98,20,19,19,58,12,11,13,36,8,8,6,22,40.00,36.00,46.00,122
K25426.html,PRANAM NAYAK,Details of NEW JEE: 9460,99,130,17,22,22,61,9,13,10,32,8,9,12,29,28.00,43.00,28.00,99
K25414.html,SHUBHA S,Details of NEW JEE: 9460,201,9,22,19,13,54,20,18,13,51,2,1,0,3,78.00,71.00,52.00,201
K25422.html,GUNASREE S,Details of NEW JEE: 9460,137,70,20,16,12,48,19,10,8,37,1,6,4,11,75.00,34.00,28.00,137
K25423.html,HEMANTH KUMAR M S,Details of NEW JEE: 9460,140,63,21,21,18,60,13,17,10,40,8,4,8,20,44.00,64.00,32.00,140
K25420.html,CHIRAG M,Details of NEW JEE: 9460,392,1,44,44,30,118,40,38,24,102,4,6,6,16,156.00,146.00,90.00,392
K25428.html,RITHVIK JAIN BM,Details of NEW JEE: 9460,215,4,24,23,18,65,20,20,16,56,4,3,2,9,76.00,77.00,62.00,215
K25433.html,SINCHANA J,Details of NEW JEE: 9460,109,113,18,16,12,46,12,10,9,31,6,6,3,15,42.00,34.00,33.00,109
K25429.html,Rohan J Yuga,Details of NEW JEE: 9460,184,17,22,15,19,56,18,14,16,48,4,1,3,8,68.00,55.00,61.00,184
K25434.html,SURYA D R,Details of NEW JEE: 9460,197,11,23,23,22,68,22,16,15,53,1,7,7,15,87.00,57.00,53.00,197
K25432.html,Samart M Naik,Details of NEW JEE: 9460,148,54,21,18,13,52,16,14,10,40,5,4,3,12,59.00,52.00,37.00,148
K25431.html,SAMARTH CHAKRAVARTHY A,Details of NEW JEE: 9460,149,51,18,22,16,56,12,15,14,41,6,7,2,15,42.00,53.00,54.00,149
K25435.html,TANUSH N,Details of NEW JEE: 9460,158,44,20,21,16,57,17,18,8,43,3,3,8,14,65.00,69.00,24.00,158
K25436.html,Vikas Somappa Channalli,Details of NEW JEE: 9460,204,6,23,22,16,61,19,20,14,53,4,2,2,8,72.00,78.00,54.00,204
K25437.html,Yajath P Balaji,Details of NEW JEE: 9460,101,127,20,16,18,54,16,7,8,31,4,9,10,23,60.00,19.00,22.00,101
K25438.html,YALLALINGA KARANING SADARGOND,Details of NEW JEE: 9460,123,95,18,18,16,52,13,12,10,35,5,6,6,17,47.00,42.00,34.00,123
K25440.html,ABHINAV S SHETTY,Details of NEW JEE: 9460,163,39,20,25,22,67,11,19,16,46,9,6,6,21,35.00,70.00,58.00,163
K25441.html,Abhishek S Holla,Details of NEW JEE: 9460,142,61,23,25,20,68,18,17,7,42,5,8,13,26,67.00,60.00,15.00,142
K25444.html,AYUSH P SHETTY,Details of NEW JEE: 9460,139,68,23,21,17,61,17,14,9,40,6,7,8,21,62.00,49.00,28.00,139
K25450.html,DHANVEE K UDUPA,Details of NEW JEE: 9460,167,35,23,22,18,63,18,15,13,46,5,7,5,17,67.00,53.00,47.00,167
K25442.html,ADISHREE M ACHARYA,Details of NEW JEE: 9460,152,48,20,15,13,48,17,11,12,40,3,4,1,8,65.00,40.00,47.00,152
K25449.html,D DRUTHIN SAI,Details of NEW JEE: 9460,95,135,16,16,8,40,11,12,4,27,5,4,4,13,39.00,44.00,12.00,95
K25453.html,MAANYA S SHETTY,Details of NEW JEE: 9460,81,151,19,14,1,34,14,8,1,23,5,6,0,11,51.00,26.00,4.00,81
K25451.html,HarshithBM,Details of NEW JEE: 9460,139,66,20,19,17,56,18,11,10,39,2,8,7,17,70.00,36.00,33.00,139
K25452.html,LIKHITH D SHETTY,Details of NEW JEE: 9460,135,73,24,22,14,60,16,15,8,39,8,7,6,21,56.00,53.00,26.00,135
K25454.html,Pavan Hegde,Details of NEW JEE: 9460,199,10,25,23,23,71,19,20,15,54,6,3,8,17,70.00,77.00,52.00,199
K25455.html,PRAPTHI,Details of NEW JEE: 9460,146,59,20,16,8,44,18,12,8,38,2,4,0,6,70.00,44.00,32.00,146
K25456.html,PREETHAM S S DODDAVEERAPPA,Details of NEW JEE: 9460,126,89,18,18,23,59,10,12,15,37,8,6,8,22,32.00,42.00,52.00,126
K25457.html,SAANVI SHENOY,Details of NEW JEE: 9460,185,16,22,16,12,50,22,16,9,47,0,0,3,3,88.00,64.00,33.00,185
K25458.html,SACHI,Details of NEW JEE: 9460,93,138,8,15,9,32,7,11,7,25,1,4,2,7,27.00,40.00,26.00,93
K25459.html,SAMARTHA ADIGA H N,Details of NEW JEE: 9460,136,72,19,21,14,54,12,14,12,38,7,7,2,16,41.00,49.00,46.00,136
K25460.html,SHODHAN VARMA,Details of NEW JEE: 9460,157,46,19,22,17,58,16,15,12,43,3,7,5,15,61.00,53.00,43.00,157
K25462.html,SIDDHARTH S POOJARY,Details of NEW JEE: 9460,121,100,17,21,16,54,11,14,10,35,6,7,6,19,38.00,49.00,34.00,121
K25461.html,siddesh dinesh palekar,Details of NEW JEE: 9460,149,52,21,17,13,51,17,13,10,40,4,4,3,11,64.00,48.00,37.00,149
K25464.html,VACHAN K SUBRAMANYA,Details of NEW JEE: 9460,181,23,24,25,20,69,21,21,8,50,3,4,12,19,81.00,80.00,20.00,181
K25466.html,ADVIK R,Details of NEW JEE: 9460,129,87,23,15,18,56,17,13,7,37,6,2,11,19,62.00,50.00,17.00,129
K25467.html,Akhil hosamani,Details of NEW JEE: 9460,102,124,18,17,8,43,11,12,6,29,7,5,2,14,37.00,43.00,22.00,102
K25469.html,Arya Girish Harikantra,Details of NEW JEE: 9460,86,144,15,18,11,44,10,12,4,26,5,6,7,18,35.00,42.00,9.00,86
K25468.html,ANUSHKA B JADHAV,Details of NEW JEE: 9460,132,79,19,19,15,53,15,13,9,37,4,6,6,16,56.00,46.00,30.00,132
K25471.html,SAMARTH HEMARAJA,Details of NEW JEE: 9460,76,156,16,11,12,39,10,6,7,23,6,5,5,16,34.00,19.00,23.00,76
K25463.html,SKANDA PERVAJE,Details of NEW JEE: 9460,288,2,40,40,22,102,28,32,18,78,12,8,4,24,100.00,120.00,68.00,288
K25472.html,SAMARTH L,Details of NEW JEE: 9460,191,13,20,17,17,54,18,16,15,49,2,1,2,5,70.00,63.00,58.00,191
K25475.html,ABHINAV B MURALIDHAR,Details of NEW JEE: 9460,104,120,19,13,9,41,13,8,8,29,6,5,1,12,46.00,27.00,31.00,104
K25478.html,APOORVA A,Details of NEW JEE: 9460,130,82,18,20,12,50,14,15,7,36,4,5,5,14,52.00,55.00,23.00,130
K25476.html,abhishek hs,Details of NEW JEE: 9460,144,60,14,22,15,51,13,17,9,39,1,5,6,12,51.00,63.00,30.00,144
K25480.html,CHARITH R MURTHY,Details of NEW JEE: 9460,126,90,18,15,11,44,12,13,9,34,6,2,2,10,42.00,50.00,34.00,126
K25482.html,Ekansh Santosh Sheri,Details of NEW JEE: 9460,111,110,18,12,14,44,15,6,10,31,3,6,4,13,57.00,18.00,36.00,111
K25485.html,MANOHAR N,Details of NEW JEE: 9460,120,102,15,17,13,45,13,12,8,33,2,5,5,12,50.00,43.00,27.00,120
K25486.html,PANCHAMI A SHETTY,Details of NEW JEE: 9460,61,162,4,9,6,19,3,7,6,16,1,2,0,3,11.00,26.00,24.00,61
K25488.html,Pranav,Details of NEW JEE: 9460,106,116,20,18,11,49,16,10,5,31,4,8,6,18,60.00,32.00,14.00,106
K25487.html,PAVITRA S SARASWATI,Details of NEW JEE: 9460,128,88,21,17,9,47,16,14,5,35,5,3,4,12,59.00,53.00,16.00,128
K25489.html,RAKSHA B,Details of NEW JEE: 9460,95,133,14,16,10,40,11,9,7,27,3,7,3,13,41.00,29.00,25.00,95
K25490.html,ROHAN M,Details of NEW JEE: 9460,120,101,16,16,13,45,12,12,9,33,4,4,4,12,44.00,44.00,32.00,120
K25491.html,SAMARTH LOTE,Details of NEW JEE: 9460,129,85,16,16,9,41,14,13,7,34,2,3,2,7,54.00,49.00,26.00,129
K25492.html,siddharth somashekhar petimani,Details of NEW JEE: 9460,45,167,14,12,9,35,6,6,4,16,8,6,5,19,16.00,18.00,11.00,45
K25493.html,SWAROOP DATTA L P,Details of NEW JEE: 9460,106,115,16,16,17,49,13,8,10,31,3,8,7,18,49.00,24.00,33.00,106
K25494.html,THRISHANTH SHETTY.S,Details of NEW JEE: 9460,72,158,20,20,18,58,9,9,8,26,11,11,10,32,25.00,25.00,22.00,72
K25496.html,ABHISTA KEDLAYA,Details of NEW JEE: 9460,116,105,14,16,14,44,10,11,11,32,4,5,3,12,36.00,39.00,41.00,116
K25498.html,ATREYA PATIL,Details of NEW JEE: 9460,133,76,14,18,10,42,12,15,8,35,2,3,2,7,46.00,57.00,30.00,133
K25500.html,MONISH GOWDA T,Details of NEW JEE: 9460,132,78,14,18,11,43,11,15,9,35,3,3,2,8,41.00,57.00,34.00,132
K25501.html,Murali Karthik L,Details of NEW JEE: 9460,146,57,15,14,20,49,13,10,16,39,2,4,4,10,50.00,36.00,60.00,146
K25504.html,PRATHAM N B,Details of NEW JEE: 9460,158,43,22,18,12,52,18,15,9,42,4,3,3,10,68.00,57.00,33.00,158
K25507.html,Shamitha TD,Details of NEW JEE: 9460,113,108,17,13,17,47,11,9,12,32,6,4,5,15,38.00,32.00,43.00,113
K25513.html,AYESHA HANNATH,Details of NEW JEE: 9460,99,131,18,16,12,46,12,10,7,29,6,6,5,17,42.00,34.00,23.00,99
K25536.html,DHRUV S,Details of NEW JEE: 9460,58,163,13,9,10,32,6,4,8,18,7,5,2,14,17.00,11.00,30.00,58
U956.html,VAMSHI KRISHNA DEVARAMANE,Details of NEW JEE: 9460,147,55,20,18,15,53,19,13,8,40,1,5,7,13,75.00,47.00,25.00,147
U914.html,SAMBRAM R KANJARPANE,Details of NEW JEE: 9460,178,25,19,24,19,62,16,21,11,48,3,3,8,14,61.00,81.00,36.00,178
K25515.html,SAISH KONJALI,Details of NEW JEE: 9460,82,149,16,15,12,43,9,9,7,25,7,6,5,18,29.00,30.00,23.00,82
M198.html,ANAGHA PRAKASH ADIGA,Details of NEW JEE: 9460,124,94,17,19,10,46,14,14,6,34,3,5,4,12,53.00,51.00,20.00,124
U964.html,PRAKYATH R RAO,Details of NEW JEE: 9460,207,5,25,25,23,73,22,16,18,56,3,9,5,17,85.00,55.00,67.00,207
U924.html,SAISPARSHA K,Details of NEW JEE: 9460,94,137,19,16,11,46,14,9,5,28,5,7,6,18,51.00,29.00,14.00,94
K25522.html,SIDVIN H K,Details of NEW JEE: 9460,147,56,23,19,6,48,18,17,4,39,5,2,2,9,67.00,66.00,14.00,147
K25518.html,ANAGHA C K,Details of NEW JEE: 9460,113,109,16,15,11,42,14,13,4,31,2,2,7,11,54.00,50.00,9.00,113
K25524.html,VARON CARDOZA,Details of NEW JEE: 9460,100,129,20,15,15,50,13,10,7,30,7,5,8,20,45.00,35.00,20.00,100
M261.html,K DHEEMANTH NAIK,Details of NEW JEE: 9460,111,111,21,21,12,54,18,12,3,33,3,9,9,21,69.00,39.00,3.00,111
M277.html,SAIPRASAD NAVEEN RAO,Details of NEW JEE: 9460,139,67,22,22,17,61,18,12,10,40,4,10,7,21,68.00,38.00,33.00,139
M244.html,DHRUTHI H SHETTY,Details of NEW JEE: 9460,103,121,19,10,3,32,18,7,2,27,1,3,1,5,71.00,25.00,7.00,103
M191.html,SAANVI SHETTY,Details of NEW JEE: 9460,140,62,18,17,15,50,16,11,11,38,2,6,4,12,62.00,38.00,40.00,140
K25039.html,PRATIKSHA MUKKANNAVAR,Details of NEW JEE: 9460,91,142,14,16,14,44,9,9,9,27,5,7,5,17,31.00,29.00,31.00,91
K25214.html,NITHIN RAVIKUMAR,Details of NEW JEE: 9460,174,31,24,21,21,66,17,14,17,48,7,7,4,18,61.00,49.00,64.00,174
K25218.html,PRITHVEEK SHETTY,Details of NEW JEE: 9460,173,32,23,20,14,57,20,17,9,46,3,3,5,11,77.00,65.00,31.00,173
